id,observation_date,target,pd,segment
C00001,2025-12-31,0,0.071264,retail
C00002,2025-12-31,1,0.146315,retail
C00003,2025-12-31,0,0.027155,retail
C00004,2025-12-31,1,0.057277,retail
C00005,2025-12-31,0,0.018256,retail
C00006,2025-12-31,0,0.018248,retail
C00007,2025-12-31,0,0.046586,retail
C00008,2025-12-31,0,0.108819,retail
C00009,2025-12-31,0,0.049668,retail
C00010,2025-12-31,0,0.005456,retail
C00011,2025-12-31,0,0.156624,retail
C00012,2025-12-31,0,0.229347,retail
C00013,2025-12-31,0,0.006517,retail
C00014,2025-12-31,0,0.015385,retail
C00015,2025-12-31,0,0.016783,retail
C00016,2025-12-31,0,0.026680,retail
C00017,2025-12-31,1,0.118010,retail
C00018,2025-12-31,0,0.048231,retail
C00019,2025-12-31,0,0.149815,retail
C00020,2025-12-31,0,0.025617,retail
C00021,2025-12-31,0,0.115496,retail
C00022,2025-12-31,0,0.095328,retail
C00023,2025-12-31,0,0.003377,retail
C00024,2025-12-31,0,0.170522,retail
C00025,2025-12-31,0,0.026748,retail
C00026,2025-12-31,0,0.007015,retail
C00027,2025-12-31,0,0.081187,retail
C00028,2025-12-31,0,0.041380,retail
C00029,2025-12-31,0,0.123270,retail
C00030,2025-12-31,1,0.196484,retail
C00031,2025-12-31,0,0.013590,retail
C00032,2025-12-31,0,0.142627,retail
C00033,2025-12-31,0,0.066029,retail
C00034,2025-12-31,0,0.025312,retail
C00035,2025-12-31,1,0.121150,retail
C00036,2025-12-31,1,0.134763,retail
C00037,2025-12-31,0,0.096756,retail
C00038,2025-12-31,1,0.133417,retail
C00039,2025-12-31,0,0.067659,retail
C00040,2025-12-31,0,0.050294,retail
C00041,2025-12-31,0,0.058268,retail
C00042,2025-12-31,0,0.060787,retail
C00043,2025-12-31,0,0.081508,retail
C00044,2025-12-31,0,0.031286,retail
C00045,2025-12-31,0,0.155126,retail
C00046,2025-12-31,0,0.145086,retail
C00047,2025-12-31,0,0.028250,retail
C00048,2025-12-31,0,0.080365,retail
C00049,2025-12-31,1,0.033440,retail
C00050,2025-12-31,1,0.105223,retail
C00051,2025-12-31,0,0.026944,retail
C00052,2025-12-31,0,0.189714,retail
C00053,2025-12-31,0,0.032324,retail
C00054,2025-12-31,0,0.022453,retail
C00055,2025-12-31,0,0.123889,retail
C00056,2025-12-31,1,0.056709,retail
C00057,2025-12-31,0,0.021401,retail
C00058,2025-12-31,0,0.067111,retail
C00059,2025-12-31,0,0.095935,retail
C00060,2025-12-31,0,0.040944,retail
C00061,2025-12-31,0,0.121454,retail
C00062,2025-12-31,1,0.045530,retail
C00063,2025-12-31,0,0.129143,retail
C00064,2025-12-31,1,0.137965,retail
C00065,2025-12-31,0,0.030205,retail
C00066,2025-12-31,0,0.022140,retail
C00067,2025-12-31,0,0.003331,retail
C00068,2025-12-31,1,0.106847,retail
C00069,2025-12-31,0,0.023569,retail
C00070,2025-12-31,0,0.038896,retail
C00071,2025-12-31,0,0.094993,retail
C00072,2025-12-31,0,0.071787,retail
C00073,2025-12-31,0,0.110777,retail
C00074,2025-12-31,0,0.022054,retail
C00075,2025-12-31,0,0.112206,retail
C00076,2025-12-31,0,0.053513,retail
C00077,2025-12-31,0,0.148411,retail
C00078,2025-12-31,0,0.004741,retail
C00079,2025-12-31,0,0.022411,retail
C00080,2025-12-31,0,0.184051,retail
C00081,2025-12-31,0,0.007689,retail
C00082,2025-12-31,0,0.085027,retail
C00083,2025-12-31,1,0.088248,retail
C00084,2025-12-31,0,0.024935,retail
C00085,2025-12-31,0,0.067959,retail
C00086,2025-12-31,0,0.200267,retail
C00087,2025-12-31,0,0.051739,retail
C00088,2025-12-31,0,0.037164,retail
C00089,2025-12-31,0,0.061119,retail
C00090,2025-12-31,0,0.033337,retail
C00091,2025-12-31,0,0.006301,retail
C00092,2025-12-31,0,0.034827,retail
C00093,2025-12-31,1,0.130377,retail
C00094,2025-12-31,0,0.055511,retail
C00095,2025-12-31,0,0.031374,retail
C00096,2025-12-31,0,0.010141,retail
C00097,2025-12-31,1,0.165598,retail
C00098,2025-12-31,0,0.028794,retail
C00099,2025-12-31,0,0.071033,retail
C00100,2025-12-31,0,0.060678,retail
C00101,2025-12-31,0,0.074848,retail
C00102,2025-12-31,0,0.023579,retail
C00103,2025-12-31,0,0.080614,retail
C00104,2025-12-31,0,0.103289,retail
C00105,2025-12-31,1,0.041132,retail
C00106,2025-12-31,0,0.076370,retail
C00107,2025-12-31,0,0.039722,retail
C00108,2025-12-31,0,0.019053,retail
C00109,2025-12-31,0,0.086965,retail
C00110,2025-12-31,0,0.069509,retail
C00111,2025-12-31,0,0.056592,retail
C00112,2025-12-31,0,0.073292,retail
C00113,2025-12-31,0,0.003265,retail
C00114,2025-12-31,0,0.015078,retail
C00115,2025-12-31,0,0.021884,retail
C00116,2025-12-31,0,0.018649,retail
C00117,2025-12-31,0,0.022006,retail
C00118,2025-12-31,0,0.139746,retail
C00119,2025-12-31,0,0.014407,retail
C00120,2025-12-31,0,0.037734,retail
C00121,2025-12-31,0,0.061069,retail
C00122,2025-12-31,0,0.084254,retail
C00123,2025-12-31,1,0.228696,retail
C00124,2025-12-31,0,0.004662,retail
C00125,2025-12-31,0,0.062804,retail
C00126,2025-12-31,0,0.264672,retail
C00127,2025-12-31,0,0.026783,retail
C00128,2025-12-31,0,0.023266,retail
C00129,2025-12-31,0,0.064234,retail
C00130,2025-12-31,0,0.076377,retail
C00131,2025-12-31,0,0.166502,retail
C00132,2025-12-31,0,0.163907,retail
C00133,2025-12-31,0,0.013937,retail
C00134,2025-12-31,0,0.040280,retail
C00135,2025-12-31,0,0.040714,retail
C00136,2025-12-31,0,0.196241,retail
C00137,2025-12-31,0,0.010836,retail
C00138,2025-12-31,0,0.066388,retail
C00139,2025-12-31,0,0.074960,retail
C00140,2025-12-31,0,0.016230,retail
C00141,2025-12-31,0,0.017683,retail
C00142,2025-12-31,1,0.020291,retail
C00143,2025-12-31,0,0.103267,retail
C00144,2025-12-31,0,0.025031,retail
C00145,2025-12-31,0,0.027821,retail
C00146,2025-12-31,0,0.066492,retail
C00147,2025-12-31,0,0.145686,retail
C00148,2025-12-31,0,0.041381,retail
C00149,2025-12-31,0,0.061870,retail
C00150,2025-12-31,0,0.076570,retail
C00151,2025-12-31,0,0.116685,retail
C00152,2025-12-31,1,0.116422,retail
C00153,2025-12-31,0,0.350063,retail
C00154,2025-12-31,0,0.099479,retail
C00155,2025-12-31,0,0.072515,retail
C00156,2025-12-31,0,0.047164,retail
C00157,2025-12-31,0,0.326609,retail
C00158,2025-12-31,0,0.119942,retail
C00159,2025-12-31,0,0.025393,retail
C00160,2025-12-31,0,0.040777,retail
C00161,2025-12-31,0,0.016506,retail
C00162,2025-12-31,0,0.056191,retail
C00163,2025-12-31,0,0.146628,retail
C00164,2025-12-31,0,0.151619,retail
C00165,2025-12-31,0,0.072556,retail
C00166,2025-12-31,0,0.008006,retail
C00167,2025-12-31,0,0.087182,retail
C00168,2025-12-31,1,0.064459,retail
C00169,2025-12-31,1,0.246743,retail
C00170,2025-12-31,1,0.151692,retail
C00171,2025-12-31,0,0.094643,retail
C00172,2025-12-31,0,0.178399,retail
C00173,2025-12-31,1,0.094852,retail
C00174,2025-12-31,0,0.008429,retail
C00175,2025-12-31,0,0.030793,retail
C00176,2025-12-31,1,0.225055,retail
C00177,2025-12-31,0,0.074125,retail
C00178,2025-12-31,0,0.214232,retail
C00179,2025-12-31,0,0.101765,retail
C00180,2025-12-31,0,0.039814,retail
C00181,2025-12-31,1,0.199590,retail
C00182,2025-12-31,0,0.077973,retail
C00183,2025-12-31,0,0.021514,retail
C00184,2025-12-31,0,0.044271,retail
C00185,2025-12-31,1,0.105144,retail
C00186,2025-12-31,1,0.086945,retail
C00187,2025-12-31,1,0.081359,retail
C00188,2025-12-31,0,0.167318,retail
C00189,2025-12-31,0,0.019316,retail
C00190,2025-12-31,0,0.100071,retail
C00191,2025-12-31,0,0.013066,retail
C00192,2025-12-31,1,0.156270,retail
C00193,2025-12-31,0,0.094677,retail
C00194,2025-12-31,1,0.071228,retail
C00195,2025-12-31,0,0.125903,retail
C00196,2025-12-31,0,0.047547,retail
C00197,2025-12-31,1,0.192038,retail
C00198,2025-12-31,0,0.127681,retail
C00199,2025-12-31,0,0.024587,retail
C00200,2025-12-31,0,0.165139,retail
C00201,2025-12-31,0,0.107406,retail
C00202,2025-12-31,0,0.150754,retail
C00203,2025-12-31,0,0.052113,retail
C00204,2025-12-31,0,0.103715,retail
C00205,2025-12-31,0,0.024101,retail
C00206,2025-12-31,0,0.024344,retail
C00207,2025-12-31,0,0.043948,retail
C00208,2025-12-31,0,0.006054,retail
C00209,2025-12-31,0,0.025826,retail
C00210,2025-12-31,0,0.088148,retail
C00211,2025-12-31,0,0.012993,retail
C00212,2025-12-31,0,0.004679,retail
C00213,2025-12-31,0,0.016380,retail
C00214,2025-12-31,0,0.135307,retail
C00215,2025-12-31,0,0.027804,retail
C00216,2025-12-31,0,0.037103,retail
C00217,2025-12-31,0,0.015343,retail
C00218,2025-12-31,0,0.046881,retail
C00219,2025-12-31,0,0.125301,retail
C00220,2025-12-31,0,0.060003,retail
C00221,2025-12-31,0,0.039858,retail
C00222,2025-12-31,0,0.031417,retail
C00223,2025-12-31,1,0.017192,retail
C00224,2025-12-31,0,0.017788,retail
C00225,2025-12-31,0,0.014096,retail
C00226,2025-12-31,0,0.045925,retail
C00227,2025-12-31,0,0.084340,retail
C00228,2025-12-31,1,0.175688,retail
C00229,2025-12-31,1,0.081269,retail
C00230,2025-12-31,1,0.115961,retail
C00231,2025-12-31,0,0.143103,retail
C00232,2025-12-31,0,0.028894,retail
C00233,2025-12-31,0,0.008507,retail
C00234,2025-12-31,0,0.026664,retail
C00235,2025-12-31,0,0.023348,retail
C00236,2025-12-31,1,0.230605,retail
C00237,2025-12-31,0,0.095485,retail
C00238,2025-12-31,0,0.059540,retail
C00239,2025-12-31,0,0.054051,retail
C00240,2025-12-31,0,0.019068,retail
C00241,2025-12-31,0,0.053870,retail
C00242,2025-12-31,0,0.063447,retail
C00243,2025-12-31,0,0.094566,retail
C00244,2025-12-31,0,0.091955,retail
C00245,2025-12-31,0,0.194364,retail
C00246,2025-12-31,0,0.041536,retail
C00247,2025-12-31,0,0.007166,retail
C00248,2025-12-31,0,0.007990,retail
C00249,2025-12-31,0,0.099022,retail
C00250,2025-12-31,0,0.091881,retail
C00251,2025-12-31,0,0.020180,retail
C00252,2025-12-31,0,0.011295,retail
C00253,2025-12-31,0,0.023915,retail
C00254,2025-12-31,1,0.113600,retail
C00255,2025-12-31,0,0.013297,retail
C00256,2025-12-31,1,0.074760,retail
C00257,2025-12-31,0,0.079520,retail
C00258,2025-12-31,0,0.070181,retail
C00259,2025-12-31,0,0.027281,retail
C00260,2025-12-31,0,0.031226,retail
C00261,2025-12-31,0,0.075306,retail
C00262,2025-12-31,0,0.074571,retail
C00263,2025-12-31,0,0.114258,retail
C00264,2025-12-31,0,0.009189,retail
C00265,2025-12-31,0,0.009692,retail
C00266,2025-12-31,0,0.017456,retail
C00267,2025-12-31,0,0.115225,retail
C00268,2025-12-31,1,0.053981,retail
C00269,2025-12-31,0,0.108877,retail
C00270,2025-12-31,0,0.006622,retail
C00271,2025-12-31,1,0.143438,retail
C00272,2025-12-31,0,0.109071,retail
C00273,2025-12-31,0,0.022117,retail
C00274,2025-12-31,0,0.084066,retail
C00275,2025-12-31,0,0.046136,retail
C00276,2025-12-31,0,0.073815,retail
C00277,2025-12-31,0,0.077349,retail
C00278,2025-12-31,0,0.174031,retail
C00279,2025-12-31,0,0.246236,retail
C00280,2025-12-31,0,0.024916,retail
C00281,2025-12-31,0,0.080428,retail
C00282,2025-12-31,0,0.016414,retail
C00283,2025-12-31,0,0.057839,retail
C00284,2025-12-31,0,0.017317,retail
C00285,2025-12-31,0,0.023869,retail
C00286,2025-12-31,0,0.080142,retail
C00287,2025-12-31,0,0.125723,retail
C00288,2025-12-31,1,0.042650,retail
C00289,2025-12-31,0,0.027598,retail
C00290,2025-12-31,0,0.022603,retail
C00291,2025-12-31,0,0.108063,retail
C00292,2025-12-31,0,0.073116,retail
C00293,2025-12-31,0,0.002868,retail
C00294,2025-12-31,0,0.017952,retail
C00295,2025-12-31,0,0.165401,retail
C00296,2025-12-31,0,0.005911,retail
C00297,2025-12-31,0,0.036113,retail
C00298,2025-12-31,0,0.062069,retail
C00299,2025-12-31,0,0.011816,retail
C00300,2025-12-31,0,0.017469,retail
C00301,2025-12-31,0,0.010605,retail
C00302,2025-12-31,0,0.011528,retail
C00303,2025-12-31,0,0.051383,retail
C00304,2025-12-31,0,0.008036,retail
C00305,2025-12-31,0,0.054583,retail
C00306,2025-12-31,0,0.021700,retail
C00307,2025-12-31,0,0.133275,retail
C00308,2025-12-31,0,0.066879,retail
C00309,2025-12-31,0,0.029262,retail
C00310,2025-12-31,0,0.015923,retail
C00311,2025-12-31,0,0.125729,retail
C00312,2025-12-31,0,0.048632,retail
C00313,2025-12-31,0,0.005887,retail
C00314,2025-12-31,1,0.106145,retail
C00315,2025-12-31,0,0.101703,retail
C00316,2025-12-31,0,0.022214,retail
C00317,2025-12-31,1,0.126348,retail
C00318,2025-12-31,0,0.029950,retail
C00319,2025-12-31,0,0.045700,retail
C00320,2025-12-31,0,0.120549,retail
C00321,2025-12-31,1,0.023459,retail
C00322,2025-12-31,0,0.070994,retail
C00323,2025-12-31,0,0.074549,retail
C00324,2025-12-31,0,0.148146,retail
C00325,2025-12-31,0,0.090737,retail
C00326,2025-12-31,1,0.085115,retail
C00327,2025-12-31,0,0.039985,retail
C00328,2025-12-31,0,0.039700,retail
C00329,2025-12-31,0,0.045566,retail
C00330,2025-12-31,0,0.064516,retail
C00331,2025-12-31,0,0.008553,retail
C00332,2025-12-31,0,0.114004,retail
C00333,2025-12-31,0,0.019894,retail
C00334,2025-12-31,0,0.101435,retail
C00335,2025-12-31,0,0.072629,retail
C00336,2025-12-31,0,0.134828,retail
C00337,2025-12-31,0,0.017515,retail
C00338,2025-12-31,0,0.110696,retail
C00339,2025-12-31,0,0.207738,retail
C00340,2025-12-31,0,0.083331,retail
C00341,2025-12-31,0,0.078007,retail
C00342,2025-12-31,0,0.023017,retail
C00343,2025-12-31,0,0.095474,retail
C00344,2025-12-31,0,0.128484,retail
C00345,2025-12-31,0,0.000670,retail
C00346,2025-12-31,0,0.070858,retail
C00347,2025-12-31,0,0.015745,retail
C00348,2025-12-31,0,0.090971,retail
C00349,2025-12-31,0,0.043652,retail
C00350,2025-12-31,0,0.050796,retail
C00351,2025-12-31,0,0.019409,retail
C00352,2025-12-31,0,0.015723,retail
C00353,2025-12-31,1,0.219371,retail
C00354,2025-12-31,0,0.129108,retail
C00355,2025-12-31,0,0.008899,retail
C00356,2025-12-31,0,0.001269,retail
C00357,2025-12-31,0,0.117804,retail
C00358,2025-12-31,1,0.055286,retail
C00359,2025-12-31,1,0.186834,retail
C00360,2025-12-31,0,0.075707,retail
C00361,2025-12-31,1,0.119352,retail
C00362,2025-12-31,0,0.110607,retail
C00363,2025-12-31,1,0.139117,retail
C00364,2025-12-31,0,0.006963,retail
C00365,2025-12-31,0,0.011768,retail
C00366,2025-12-31,0,0.015424,retail
C00367,2025-12-31,1,0.063307,retail
C00368,2025-12-31,0,0.091403,retail
C00369,2025-12-31,0,0.014234,retail
C00370,2025-12-31,1,0.052541,retail
C00371,2025-12-31,0,0.069926,retail
C00372,2025-12-31,0,0.067450,retail
C00373,2025-12-31,0,0.067090,retail
C00374,2025-12-31,0,0.091775,retail
C00375,2025-12-31,0,0.048952,retail
C00376,2025-12-31,1,0.112731,retail
C00377,2025-12-31,0,0.043341,retail
C00378,2025-12-31,0,0.051044,retail
C00379,2025-12-31,0,0.022870,retail
C00380,2025-12-31,0,0.023187,retail
C00381,2025-12-31,0,0.062803,retail
C00382,2025-12-31,0,0.037199,retail
C00383,2025-12-31,0,0.035274,retail
C00384,2025-12-31,0,0.038083,retail
C00385,2025-12-31,0,0.013603,retail
C00386,2025-12-31,0,0.084242,retail
C00387,2025-12-31,0,0.119226,retail
C00388,2025-12-31,0,0.064120,retail
C00389,2025-12-31,0,0.019904,retail
C00390,2025-12-31,0,0.043531,retail
C00391,2025-12-31,0,0.121869,retail
C00392,2025-12-31,0,0.080333,retail
C00393,2025-12-31,0,0.067185,retail
C00394,2025-12-31,0,0.005485,retail
C00395,2025-12-31,0,0.146775,retail
C00396,2025-12-31,0,0.003321,retail
C00397,2025-12-31,1,0.204793,retail
C00398,2025-12-31,0,0.055054,retail
C00399,2025-12-31,0,0.113272,retail
C00400,2025-12-31,0,0.009179,retail
C00401,2025-12-31,0,0.001235,retail
C00402,2025-12-31,0,0.142646,retail
C00403,2025-12-31,0,0.029648,retail
C00404,2025-12-31,0,0.085073,retail
C00405,2025-12-31,0,0.057007,retail
C00406,2025-12-31,0,0.054431,retail
C00407,2025-12-31,0,0.016023,retail
C00408,2025-12-31,0,0.212555,retail
C00409,2025-12-31,0,0.025141,retail
C00410,2025-12-31,0,0.054608,retail
C00411,2025-12-31,0,0.034862,retail
C00412,2025-12-31,0,0.123686,retail
C00413,2025-12-31,1,0.098195,retail
C00414,2025-12-31,1,0.061702,retail
C00415,2025-12-31,0,0.025181,retail
C00416,2025-12-31,0,0.003406,retail
C00417,2025-12-31,0,0.062395,retail
C00418,2025-12-31,0,0.076030,retail
C00419,2025-12-31,0,0.089289,retail
C00420,2025-12-31,0,0.011431,retail
C00421,2025-12-31,0,0.024385,retail
C00422,2025-12-31,0,0.042068,retail
C00423,2025-12-31,0,0.042219,retail
C00424,2025-12-31,0,0.064005,retail
C00425,2025-12-31,0,0.114812,retail
C00426,2025-12-31,0,0.027879,retail
C00427,2025-12-31,0,0.075947,retail
C00428,2025-12-31,0,0.052133,retail
C00429,2025-12-31,1,0.206742,retail
C00430,2025-12-31,1,0.295244,retail
C00431,2025-12-31,0,0.032161,retail
C00432,2025-12-31,0,0.006413,retail
C00433,2025-12-31,0,0.142622,retail
C00434,2025-12-31,0,0.013831,retail
C00435,2025-12-31,0,0.103827,retail
C00436,2025-12-31,0,0.062339,retail
C00437,2025-12-31,0,0.009977,retail
C00438,2025-12-31,0,0.161429,retail
C00439,2025-12-31,0,0.076303,retail
C00440,2025-12-31,0,0.125083,retail
C00441,2025-12-31,0,0.080215,retail
C00442,2025-12-31,0,0.037850,retail
C00443,2025-12-31,0,0.116649,retail
C00444,2025-12-31,0,0.140264,retail
C00445,2025-12-31,0,0.048804,retail
C00446,2025-12-31,0,0.107389,retail
C00447,2025-12-31,1,0.158126,retail
C00448,2025-12-31,0,0.067192,retail
C00449,2025-12-31,1,0.090745,retail
C00450,2025-12-31,0,0.011613,retail
C00451,2025-12-31,0,0.098260,retail
C00452,2025-12-31,0,0.065495,retail
C00453,2025-12-31,0,0.009027,retail
C00454,2025-12-31,0,0.039277,retail
C00455,2025-12-31,0,0.002019,retail
C00456,2025-12-31,0,0.111387,retail
C00457,2025-12-31,0,0.022029,retail
C00458,2025-12-31,0,0.016443,retail
C00459,2025-12-31,1,0.150102,retail
C00460,2025-12-31,0,0.040576,retail
C00461,2025-12-31,1,0.109825,retail
C00462,2025-12-31,0,0.025263,retail
C00463,2025-12-31,0,0.001639,retail
C00464,2025-12-31,0,0.018990,retail
C00465,2025-12-31,0,0.009841,retail
C00466,2025-12-31,0,0.042027,retail
C00467,2025-12-31,0,0.005878,retail
C00468,2025-12-31,0,0.052658,retail
C00469,2025-12-31,0,0.134216,retail
C00470,2025-12-31,0,0.013191,retail
C00471,2025-12-31,1,0.135024,retail
C00472,2025-12-31,0,0.020951,retail
C00473,2025-12-31,0,0.055970,retail
C00474,2025-12-31,0,0.014328,retail
C00475,2025-12-31,1,0.164858,retail
C00476,2025-12-31,1,0.050642,retail
C00477,2025-12-31,0,0.024284,retail
C00478,2025-12-31,0,0.064069,retail
C00479,2025-12-31,0,0.054744,retail
C00480,2025-12-31,0,0.013418,retail
C00481,2025-12-31,0,0.038737,retail
C00482,2025-12-31,0,0.035133,retail
C00483,2025-12-31,0,0.149899,retail
C00484,2025-12-31,0,0.021187,retail
C00485,2025-12-31,0,0.076677,retail
C00486,2025-12-31,0,0.090419,retail
C00487,2025-12-31,0,0.044474,retail
C00488,2025-12-31,0,0.056883,retail
C00489,2025-12-31,0,0.071992,retail
C00490,2025-12-31,0,0.050812,retail
C00491,2025-12-31,0,0.255389,retail
C00492,2025-12-31,1,0.040232,retail
C00493,2025-12-31,0,0.067702,retail
C00494,2025-12-31,0,0.102418,retail
C00495,2025-12-31,0,0.020999,retail
C00496,2025-12-31,0,0.043417,retail
C00497,2025-12-31,0,0.075602,retail
C00498,2025-12-31,1,0.127991,retail
C00499,2025-12-31,0,0.200943,retail
C00500,2025-12-31,0,0.063804,retail
C00501,2025-12-31,0,0.081442,retail
C00502,2025-12-31,0,0.079527,retail
C00503,2025-12-31,0,0.031175,retail
C00504,2025-12-31,0,0.006384,retail
C00505,2025-12-31,0,0.000037,retail
C00506,2025-12-31,0,0.109857,retail
C00507,2025-12-31,0,0.059314,retail
C00508,2025-12-31,0,0.036071,retail
C00509,2025-12-31,0,0.068777,retail
C00510,2025-12-31,0,0.040256,retail
C00511,2025-12-31,0,0.002353,retail
C00512,2025-12-31,0,0.142294,retail
C00513,2025-12-31,0,0.053916,retail
C00514,2025-12-31,0,0.021526,retail
C00515,2025-12-31,0,0.002781,retail
C00516,2025-12-31,0,0.060952,retail
C00517,2025-12-31,1,0.113719,retail
C00518,2025-12-31,1,0.023617,retail
C00519,2025-12-31,0,0.155502,retail
C00520,2025-12-31,0,0.066021,retail
C00521,2025-12-31,0,0.027259,retail
C00522,2025-12-31,0,0.010612,retail
C00523,2025-12-31,0,0.013252,retail
C00524,2025-12-31,0,0.007280,retail
C00525,2025-12-31,1,0.043344,retail
C00526,2025-12-31,0,0.109423,retail
C00527,2025-12-31,0,0.059045,retail
C00528,2025-12-31,0,0.019405,retail
C00529,2025-12-31,0,0.079963,retail
C00530,2025-12-31,0,0.024589,retail
C00531,2025-12-31,0,0.247171,retail
C00532,2025-12-31,0,0.077450,retail
C00533,2025-12-31,0,0.004281,retail
C00534,2025-12-31,0,0.023700,retail
C00535,2025-12-31,1,0.135960,retail
C00536,2025-12-31,1,0.105836,retail
C00537,2025-12-31,0,0.061333,retail
C00538,2025-12-31,0,0.165193,retail
C00539,2025-12-31,0,0.010776,retail
C00540,2025-12-31,0,0.020878,retail
C00541,2025-12-31,1,0.038188,retail
C00542,2025-12-31,0,0.088566,retail
C00543,2025-12-31,0,0.028522,retail
C00544,2025-12-31,0,0.043542,retail
C00545,2025-12-31,0,0.024123,retail
C00546,2025-12-31,0,0.000758,retail
C00547,2025-12-31,0,0.115652,retail
C00548,2025-12-31,0,0.050693,retail
C00549,2025-12-31,0,0.016227,retail
C00550,2025-12-31,0,0.138473,retail
C00551,2025-12-31,0,0.089848,retail
C00552,2025-12-31,0,0.064941,retail
C00553,2025-12-31,0,0.035590,retail
C00554,2025-12-31,0,0.078961,retail
C00555,2025-12-31,0,0.182668,retail
C00556,2025-12-31,1,0.056012,retail
C00557,2025-12-31,0,0.159471,retail
C00558,2025-12-31,0,0.110478,retail
C00559,2025-12-31,0,0.056103,retail
C00560,2025-12-31,0,0.048084,retail
C00561,2025-12-31,0,0.062869,retail
C00562,2025-12-31,0,0.056935,retail
C00563,2025-12-31,0,0.001368,retail
C00564,2025-12-31,0,0.004886,retail
C00565,2025-12-31,0,0.033799,retail
C00566,2025-12-31,0,0.123297,retail
C00567,2025-12-31,0,0.057117,retail
C00568,2025-12-31,0,0.007730,retail
C00569,2025-12-31,0,0.049167,retail
C00570,2025-12-31,0,0.064889,retail
C00571,2025-12-31,0,0.050520,retail
C00572,2025-12-31,0,0.051398,retail
C00573,2025-12-31,0,0.050957,retail
C00574,2025-12-31,0,0.029647,retail
C00575,2025-12-31,0,0.016074,retail
C00576,2025-12-31,0,0.028463,retail
C00577,2025-12-31,0,0.139372,retail
C00578,2025-12-31,0,0.012539,retail
C00579,2025-12-31,0,0.050348,retail
C00580,2025-12-31,0,0.222246,retail
C00581,2025-12-31,1,0.043494,retail
C00582,2025-12-31,0,0.069723,retail
C00583,2025-12-31,0,0.075786,retail
C00584,2025-12-31,0,0.173470,retail
C00585,2025-12-31,0,0.024723,retail
C00586,2025-12-31,0,0.043496,retail
C00587,2025-12-31,0,0.063915,retail
C00588,2025-12-31,0,0.138611,retail
C00589,2025-12-31,0,0.292485,retail
C00590,2025-12-31,0,0.004279,retail
C00591,2025-12-31,0,0.118299,retail
C00592,2025-12-31,0,0.001489,retail
C00593,2025-12-31,0,0.131637,retail
C00594,2025-12-31,0,0.068706,retail
C00595,2025-12-31,0,0.047888,retail
C00596,2025-12-31,0,0.069342,retail
C00597,2025-12-31,0,0.042034,retail
C00598,2025-12-31,0,0.067613,retail
C00599,2025-12-31,0,0.067273,retail
C00600,2025-12-31,0,0.201251,retail
C00601,2025-12-31,0,0.179162,retail
C00602,2025-12-31,1,0.078558,retail
C00603,2025-12-31,0,0.007131,retail
C00604,2025-12-31,0,0.184548,retail
C00605,2025-12-31,0,0.106979,retail
C00606,2025-12-31,0,0.021426,retail
C00607,2025-12-31,0,0.125943,retail
C00608,2025-12-31,0,0.035401,retail
C00609,2025-12-31,0,0.046658,retail
C00610,2025-12-31,0,0.066045,retail
C00611,2025-12-31,0,0.033392,retail
C00612,2025-12-31,0,0.038463,retail
C00613,2025-12-31,0,0.046177,retail
C00614,2025-12-31,0,0.014119,retail
C00615,2025-12-31,1,0.058776,retail
C00616,2025-12-31,0,0.069859,retail
C00617,2025-12-31,0,0.067116,retail
C00618,2025-12-31,0,0.000279,retail
C00619,2025-12-31,0,0.043284,retail
C00620,2025-12-31,0,0.014595,retail
C00621,2025-12-31,0,0.034820,retail
C00622,2025-12-31,0,0.026700,retail
C00623,2025-12-31,0,0.014589,retail
C00624,2025-12-31,0,0.081414,retail
C00625,2025-12-31,0,0.461882,retail
C00626,2025-12-31,0,0.021363,retail
C00627,2025-12-31,0,0.008570,retail
C00628,2025-12-31,0,0.015980,retail
C00629,2025-12-31,0,0.031186,retail
C00630,2025-12-31,0,0.073136,retail
C00631,2025-12-31,0,0.045137,retail
C00632,2025-12-31,0,0.032082,retail
C00633,2025-12-31,0,0.010074,retail
C00634,2025-12-31,0,0.029414,retail
C00635,2025-12-31,0,0.002791,retail
C00636,2025-12-31,0,0.027450,retail
C00637,2025-12-31,0,0.099810,retail
C00638,2025-12-31,0,0.194120,retail
C00639,2025-12-31,0,0.164287,retail
C00640,2025-12-31,0,0.117647,retail
C00641,2025-12-31,0,0.072070,retail
C00642,2025-12-31,0,0.060584,retail
C00643,2025-12-31,0,0.043033,retail
C00644,2025-12-31,0,0.123675,retail
C00645,2025-12-31,0,0.004455,retail
C00646,2025-12-31,0,0.055711,retail
C00647,2025-12-31,0,0.063770,retail
C00648,2025-12-31,1,0.108190,retail
C00649,2025-12-31,0,0.065965,retail
C00650,2025-12-31,0,0.029657,retail
C00651,2025-12-31,0,0.046391,retail
C00652,2025-12-31,0,0.048926,retail
C00653,2025-12-31,0,0.037628,retail
C00654,2025-12-31,0,0.042116,retail
C00655,2025-12-31,0,0.024482,retail
C00656,2025-12-31,0,0.009044,retail
C00657,2025-12-31,0,0.052109,retail
C00658,2025-12-31,1,0.049839,retail
C00659,2025-12-31,1,0.126034,retail
C00660,2025-12-31,0,0.018814,retail
C00661,2025-12-31,0,0.077478,retail
C00662,2025-12-31,0,0.096637,retail
C00663,2025-12-31,0,0.040362,retail
C00664,2025-12-31,0,0.108606,retail
C00665,2025-12-31,0,0.137706,retail
C00666,2025-12-31,0,0.022069,retail
C00667,2025-12-31,0,0.060711,retail
C00668,2025-12-31,0,0.064000,retail
C00669,2025-12-31,0,0.203981,retail
C00670,2025-12-31,0,0.075662,retail
C00671,2025-12-31,0,0.012851,retail
C00672,2025-12-31,0,0.074088,retail
C00673,2025-12-31,0,0.030157,retail
C00674,2025-12-31,1,0.095946,retail
C00675,2025-12-31,0,0.008875,retail
C00676,2025-12-31,0,0.043141,retail
C00677,2025-12-31,0,0.126493,retail
C00678,2025-12-31,0,0.173201,retail
C00679,2025-12-31,0,0.168266,retail
C00680,2025-12-31,0,0.006758,retail
C00681,2025-12-31,0,0.000388,retail
C00682,2025-12-31,0,0.088050,retail
C00683,2025-12-31,0,0.003334,retail
C00684,2025-12-31,0,0.019707,retail
C00685,2025-12-31,0,0.036228,retail
C00686,2025-12-31,0,0.054259,retail
C00687,2025-12-31,0,0.136261,retail
C00688,2025-12-31,0,0.045115,retail
C00689,2025-12-31,0,0.096785,retail
C00690,2025-12-31,0,0.111478,retail
C00691,2025-12-31,0,0.011436,retail
C00692,2025-12-31,0,0.121248,retail
C00693,2025-12-31,0,0.001187,retail
C00694,2025-12-31,0,0.216651,retail
C00695,2025-12-31,0,0.189738,retail
C00696,2025-12-31,0,0.078763,retail
C00697,2025-12-31,1,0.216752,retail
C00698,2025-12-31,0,0.013488,retail
C00699,2025-12-31,0,0.013885,retail
C00700,2025-12-31,0,0.010935,retail
C00701,2025-12-31,1,0.098601,retail
C00702,2025-12-31,0,0.034014,retail
C00703,2025-12-31,0,0.044990,retail
C00704,2025-12-31,0,0.070321,retail
C00705,2025-12-31,0,0.047686,retail
C00706,2025-12-31,0,0.064943,retail
C00707,2025-12-31,0,0.013905,retail
C00708,2025-12-31,0,0.184600,retail
C00709,2025-12-31,0,0.059066,retail
C00710,2025-12-31,0,0.003976,retail
C00711,2025-12-31,0,0.222883,retail
C00712,2025-12-31,0,0.027074,retail
C00713,2025-12-31,1,0.268561,retail
C00714,2025-12-31,0,0.013249,retail
C00715,2025-12-31,0,0.057753,retail
C00716,2025-12-31,0,0.007035,retail
C00717,2025-12-31,0,0.108270,retail
C00718,2025-12-31,0,0.033269,retail
C00719,2025-12-31,0,0.090632,retail
C00720,2025-12-31,0,0.084888,retail
C00721,2025-12-31,0,0.011161,retail
C00722,2025-12-31,0,0.072360,retail
C00723,2025-12-31,0,0.028133,retail
C00724,2025-12-31,0,0.053000,retail
C00725,2025-12-31,0,0.118453,retail
C00726,2025-12-31,0,0.083693,retail
C00727,2025-12-31,0,0.075571,retail
C00728,2025-12-31,0,0.042342,retail
C00729,2025-12-31,0,0.025748,retail
C00730,2025-12-31,0,0.021178,retail
C00731,2025-12-31,0,0.061648,retail
C00732,2025-12-31,0,0.093416,retail
C00733,2025-12-31,0,0.014324,retail
C00734,2025-12-31,0,0.020852,retail
C00735,2025-12-31,0,0.092801,retail
C00736,2025-12-31,0,0.025801,retail
C00737,2025-12-31,0,0.020527,retail
C00738,2025-12-31,0,0.000758,retail
C00739,2025-12-31,1,0.047153,retail
C00740,2025-12-31,0,0.036230,retail
C00741,2025-12-31,0,0.220947,retail
C00742,2025-12-31,0,0.011451,retail
C00743,2025-12-31,0,0.035691,retail
C00744,2025-12-31,0,0.072103,retail
C00745,2025-12-31,1,0.244064,retail
C00746,2025-12-31,0,0.095652,retail
C00747,2025-12-31,0,0.053155,retail
C00748,2025-12-31,1,0.067991,retail
C00749,2025-12-31,0,0.015070,retail
C00750,2025-12-31,0,0.015211,retail
C00751,2025-12-31,0,0.050903,retail
C00752,2025-12-31,0,0.029043,retail
C00753,2025-12-31,0,0.163252,retail
C00754,2025-12-31,0,0.035437,retail
C00755,2025-12-31,0,0.035622,retail
C00756,2025-12-31,0,0.053017,retail
C00757,2025-12-31,0,0.019228,retail
C00758,2025-12-31,1,0.190045,retail
C00759,2025-12-31,0,0.118391,retail
C00760,2025-12-31,0,0.058929,retail
C00761,2025-12-31,0,0.038326,retail
C00762,2025-12-31,0,0.118417,retail
C00763,2025-12-31,0,0.064673,retail
C00764,2025-12-31,0,0.045320,retail
C00765,2025-12-31,0,0.024530,retail
C00766,2025-12-31,0,0.176300,retail
C00767,2025-12-31,0,0.280466,retail
C00768,2025-12-31,0,0.032361,retail
C00769,2025-12-31,1,0.071663,retail
C00770,2025-12-31,0,0.115335,retail
C00771,2025-12-31,0,0.040289,retail
C00772,2025-12-31,0,0.062166,retail
C00773,2025-12-31,0,0.035321,retail
C00774,2025-12-31,0,0.150358,retail
C00775,2025-12-31,0,0.159549,retail
C00776,2025-12-31,1,0.103076,retail
C00777,2025-12-31,0,0.114917,retail
C00778,2025-12-31,0,0.095725,retail
C00779,2025-12-31,0,0.065096,retail
C00780,2025-12-31,1,0.072532,retail
C00781,2025-12-31,0,0.051672,retail
C00782,2025-12-31,0,0.052659,retail
C00783,2025-12-31,0,0.065395,retail
C00784,2025-12-31,0,0.005345,retail
C00785,2025-12-31,0,0.045346,retail
C00786,2025-12-31,0,0.106886,retail
C00787,2025-12-31,0,0.058784,retail
C00788,2025-12-31,0,0.067039,retail
C00789,2025-12-31,1,0.366934,retail
C00790,2025-12-31,1,0.168040,retail
C00791,2025-12-31,0,0.189572,retail
C00792,2025-12-31,0,0.071380,retail
C00793,2025-12-31,0,0.005901,retail
C00794,2025-12-31,0,0.046399,retail
C00795,2025-12-31,0,0.076039,retail
C00796,2025-12-31,0,0.020146,retail
C00797,2025-12-31,0,0.039382,retail
C00798,2025-12-31,0,0.159847,retail
C00799,2025-12-31,0,0.030638,retail
C00800,2025-12-31,0,0.287653,retail
C00801,2025-12-31,0,0.051839,retail
C00802,2025-12-31,0,0.039346,retail
C00803,2025-12-31,0,0.000753,retail
C00804,2025-12-31,0,0.032295,retail
C00805,2025-12-31,0,0.014045,retail
C00806,2025-12-31,0,0.254799,retail
C00807,2025-12-31,0,0.091102,retail
C00808,2025-12-31,0,0.057768,retail
C00809,2025-12-31,1,0.117812,retail
C00810,2025-12-31,0,0.068593,retail
C00811,2025-12-31,0,0.039594,retail
C00812,2025-12-31,0,0.100664,retail
C00813,2025-12-31,0,0.090703,retail
C00814,2025-12-31,0,0.095444,retail
C00815,2025-12-31,0,0.023229,retail
C00816,2025-12-31,0,0.034199,retail
C00817,2025-12-31,0,0.063294,retail
C00818,2025-12-31,0,0.051204,retail
C00819,2025-12-31,0,0.060254,retail
C00820,2025-12-31,1,0.165262,retail
C00821,2025-12-31,0,0.050400,retail
C00822,2025-12-31,0,0.095153,retail
C00823,2025-12-31,0,0.021866,retail
C00824,2025-12-31,0,0.047050,retail
C00825,2025-12-31,0,0.003350,retail
C00826,2025-12-31,0,0.023344,retail
C00827,2025-12-31,0,0.034269,retail
C00828,2025-12-31,0,0.008503,retail
C00829,2025-12-31,0,0.016376,retail
C00830,2025-12-31,0,0.186566,retail
C00831,2025-12-31,0,0.032459,retail
C00832,2025-12-31,0,0.067432,retail
C00833,2025-12-31,0,0.001429,retail
C00834,2025-12-31,0,0.046746,retail
C00835,2025-12-31,0,0.040290,retail
C00836,2025-12-31,0,0.026422,retail
C00837,2025-12-31,0,0.097177,retail
C00838,2025-12-31,0,0.079860,retail
C00839,2025-12-31,1,0.141868,retail
C00840,2025-12-31,0,0.100702,retail
C00841,2025-12-31,0,0.015134,retail
C00842,2025-12-31,0,0.077133,retail
C00843,2025-12-31,0,0.198247,retail
C00844,2025-12-31,0,0.031354,retail
C00845,2025-12-31,0,0.048958,retail
C00846,2025-12-31,0,0.031495,retail
C00847,2025-12-31,0,0.004942,retail
C00848,2025-12-31,0,0.036859,retail
C00849,2025-12-31,0,0.049957,retail
C00850,2025-12-31,0,0.007666,retail
C00851,2025-12-31,0,0.086829,retail
C00852,2025-12-31,1,0.097308,retail
C00853,2025-12-31,0,0.048371,retail
C00854,2025-12-31,0,0.026306,retail
C00855,2025-12-31,0,0.029356,retail
C00856,2025-12-31,0,0.006281,retail
C00857,2025-12-31,0,0.046408,retail
C00858,2025-12-31,0,0.009379,retail
C00859,2025-12-31,0,0.073713,retail
C00860,2025-12-31,0,0.016283,retail
C00861,2025-12-31,0,0.060518,retail
C00862,2025-12-31,0,0.075728,retail
C00863,2025-12-31,0,0.058832,retail
C00864,2025-12-31,0,0.101805,retail
C00865,2025-12-31,0,0.053528,retail
C00866,2025-12-31,0,0.005230,retail
C00867,2025-12-31,0,0.078708,retail
C00868,2025-12-31,0,0.055527,retail
C00869,2025-12-31,0,0.046939,retail
C00870,2025-12-31,0,0.213796,retail
C00871,2025-12-31,0,0.038676,retail
C00872,2025-12-31,0,0.001038,retail
C00873,2025-12-31,0,0.015876,retail
C00874,2025-12-31,0,0.037541,retail
C00875,2025-12-31,0,0.017248,retail
C00876,2025-12-31,0,0.002952,retail
C00877,2025-12-31,0,0.053902,retail
C00878,2025-12-31,0,0.059546,retail
C00879,2025-12-31,0,0.009001,retail
C00880,2025-12-31,0,0.007367,retail
C00881,2025-12-31,0,0.079559,retail
C00882,2025-12-31,0,0.128152,retail
C00883,2025-12-31,0,0.157371,retail
C00884,2025-12-31,0,0.086311,retail
C00885,2025-12-31,0,0.045401,retail
C00886,2025-12-31,0,0.006311,retail
C00887,2025-12-31,0,0.009703,retail
C00888,2025-12-31,0,0.041713,retail
C00889,2025-12-31,0,0.015092,retail
C00890,2025-12-31,0,0.020130,retail
C00891,2025-12-31,0,0.020882,retail
C00892,2025-12-31,0,0.021176,retail
C00893,2025-12-31,0,0.018023,retail
C00894,2025-12-31,0,0.001772,retail
C00895,2025-12-31,0,0.059926,retail
C00896,2025-12-31,0,0.052767,retail
C00897,2025-12-31,0,0.035319,retail
C00898,2025-12-31,0,0.017200,retail
C00899,2025-12-31,0,0.030896,retail
C00900,2025-12-31,0,0.048134,retail
C00901,2025-12-31,0,0.011119,retail
C00902,2025-12-31,0,0.020544,retail
C00903,2025-12-31,0,0.000154,retail
C00904,2025-12-31,0,0.000196,retail
C00905,2025-12-31,0,0.011517,retail
C00906,2025-12-31,0,0.062537,retail
C00907,2025-12-31,0,0.060319,retail
C00908,2025-12-31,0,0.004033,retail
C00909,2025-12-31,0,0.191464,retail
C00910,2025-12-31,0,0.015899,retail
C00911,2025-12-31,0,0.015833,retail
C00912,2025-12-31,0,0.019648,retail
C00913,2025-12-31,0,0.157160,retail
C00914,2025-12-31,0,0.015151,retail
C00915,2025-12-31,0,0.003923,retail
C00916,2025-12-31,0,0.032982,retail
C00917,2025-12-31,1,0.242028,retail
C00918,2025-12-31,0,0.280563,retail
C00919,2025-12-31,0,0.077734,retail
C00920,2025-12-31,0,0.024839,retail
C00921,2025-12-31,0,0.008556,retail
C00922,2025-12-31,0,0.048945,retail
C00923,2025-12-31,0,0.082800,retail
C00924,2025-12-31,0,0.040013,retail
C00925,2025-12-31,1,0.037083,retail
C00926,2025-12-31,0,0.062576,retail
C00927,2025-12-31,0,0.134751,retail
C00928,2025-12-31,0,0.066661,retail
C00929,2025-12-31,0,0.050853,retail
C00930,2025-12-31,0,0.041616,retail
C00931,2025-12-31,1,0.032248,retail
C00932,2025-12-31,0,0.054347,retail
C00933,2025-12-31,0,0.021180,retail
C00934,2025-12-31,0,0.043016,retail
C00935,2025-12-31,1,0.021731,retail
C00936,2025-12-31,0,0.001066,retail
C00937,2025-12-31,0,0.007954,retail
C00938,2025-12-31,0,0.019165,retail
C00939,2025-12-31,0,0.001130,retail
C00940,2025-12-31,0,0.004098,retail
C00941,2025-12-31,0,0.118197,retail
C00942,2025-12-31,0,0.096079,retail
C00943,2025-12-31,0,0.029103,retail
C00944,2025-12-31,0,0.021502,retail
C00945,2025-12-31,0,0.025581,retail
C00946,2025-12-31,0,0.088049,retail
C00947,2025-12-31,0,0.132413,retail
C00948,2025-12-31,0,0.047427,retail
C00949,2025-12-31,0,0.026295,retail
C00950,2025-12-31,0,0.136685,retail
C00951,2025-12-31,0,0.048732,retail
C00952,2025-12-31,0,0.027107,retail
C00953,2025-12-31,0,0.012145,retail
C00954,2025-12-31,0,0.039048,retail
C00955,2025-12-31,0,0.059196,retail
C00956,2025-12-31,0,0.058420,retail
C00957,2025-12-31,0,0.090386,retail
C00958,2025-12-31,0,0.085020,retail
C00959,2025-12-31,0,0.025964,retail
C00960,2025-12-31,0,0.077161,retail
C00961,2025-12-31,0,0.002721,retail
C00962,2025-12-31,0,0.031405,retail
C00963,2025-12-31,0,0.149832,retail
C00964,2025-12-31,0,0.017207,retail
C00965,2025-12-31,0,0.081488,retail
C00966,2025-12-31,0,0.045484,retail
C00967,2025-12-31,0,0.191116,retail
C00968,2025-12-31,0,0.123858,retail
C00969,2025-12-31,0,0.009549,retail
C00970,2025-12-31,0,0.024914,retail
C00971,2025-12-31,0,0.160849,retail
C00972,2025-12-31,0,0.023378,retail
C00973,2025-12-31,0,0.012649,retail
C00974,2025-12-31,0,0.011040,retail
C00975,2025-12-31,0,0.034898,retail
C00976,2025-12-31,0,0.077355,retail
C00977,2025-12-31,0,0.113640,retail
C00978,2025-12-31,0,0.054700,retail
C00979,2025-12-31,0,0.082932,retail
C00980,2025-12-31,0,0.123413,retail
C00981,2025-12-31,0,0.012563,retail
C00982,2025-12-31,0,0.131314,retail
C00983,2025-12-31,0,0.042547,retail
C00984,2025-12-31,0,0.019211,retail
C00985,2025-12-31,0,0.153471,retail
C00986,2025-12-31,0,0.034380,retail
C00987,2025-12-31,0,0.044802,retail
C00988,2025-12-31,0,0.088479,retail
C00989,2025-12-31,0,0.031492,retail
C00990,2025-12-31,0,0.017706,retail
C00991,2025-12-31,0,0.017891,retail
C00992,2025-12-31,0,0.012591,retail
C00993,2025-12-31,1,0.093262,retail
C00994,2025-12-31,0,0.050351,retail
C00995,2025-12-31,0,0.128637,retail
C00996,2025-12-31,0,0.068959,retail
C00997,2025-12-31,0,0.173325,retail
C00998,2025-12-31,1,0.166120,retail
C00999,2025-12-31,0,0.137158,retail
C01000,2025-12-31,1,0.191101,retail
C01001,2025-12-31,0,0.015789,retail
C01002,2025-12-31,0,0.005278,retail
C01003,2025-12-31,0,0.041095,retail
C01004,2025-12-31,0,0.141519,retail
C01005,2025-12-31,0,0.076717,retail
C01006,2025-12-31,0,0.011173,retail
C01007,2025-12-31,0,0.047517,retail
C01008,2025-12-31,0,0.036317,retail
C01009,2025-12-31,0,0.155819,retail
C01010,2025-12-31,0,0.052559,retail
C01011,2025-12-31,0,0.011336,retail
C01012,2025-12-31,0,0.039531,retail
C01013,2025-12-31,1,0.171609,retail
C01014,2025-12-31,0,0.243665,retail
C01015,2025-12-31,0,0.010081,retail
C01016,2025-12-31,0,0.061825,retail
C01017,2025-12-31,0,0.012271,retail
C01018,2025-12-31,0,0.033422,retail
C01019,2025-12-31,0,0.151819,retail
C01020,2025-12-31,0,0.074472,retail
C01021,2025-12-31,1,0.055823,retail
C01022,2025-12-31,0,0.014813,retail
C01023,2025-12-31,0,0.010452,retail
C01024,2025-12-31,0,0.110509,retail
C01025,2025-12-31,0,0.096824,retail
C01026,2025-12-31,0,0.110767,retail
C01027,2025-12-31,0,0.102396,retail
C01028,2025-12-31,0,0.136026,retail
C01029,2025-12-31,0,0.081234,retail
C01030,2025-12-31,1,0.086235,retail
C01031,2025-12-31,0,0.011611,retail
C01032,2025-12-31,0,0.019434,retail
C01033,2025-12-31,0,0.045266,retail
C01034,2025-12-31,0,0.055862,retail
C01035,2025-12-31,0,0.233115,retail
C01036,2025-12-31,0,0.001507,retail
C01037,2025-12-31,0,0.016837,retail
C01038,2025-12-31,1,0.107399,retail
C01039,2025-12-31,0,0.066770,retail
C01040,2025-12-31,0,0.019205,retail
C01041,2025-12-31,0,0.063471,retail
C01042,2025-12-31,0,0.019594,retail
C01043,2025-12-31,0,0.090345,retail
C01044,2025-12-31,0,0.109026,retail
C01045,2025-12-31,0,0.032782,retail
C01046,2025-12-31,0,0.095502,retail
C01047,2025-12-31,0,0.059616,retail
C01048,2025-12-31,0,0.079678,retail
C01049,2025-12-31,0,0.073663,retail
C01050,2025-12-31,0,0.012318,retail
C01051,2025-12-31,0,0.013347,retail
C01052,2025-12-31,0,0.050713,retail
C01053,2025-12-31,0,0.023131,retail
C01054,2025-12-31,0,0.166970,retail
C01055,2025-12-31,0,0.041337,retail
C01056,2025-12-31,0,0.080542,retail
C01057,2025-12-31,0,0.116155,retail
C01058,2025-12-31,0,0.052253,retail
C01059,2025-12-31,0,0.043778,retail
C01060,2025-12-31,0,0.070859,retail
C01061,2025-12-31,0,0.062973,retail
C01062,2025-12-31,1,0.207779,retail
C01063,2025-12-31,0,0.064079,retail
C01064,2025-12-31,0,0.109606,retail
C01065,2025-12-31,0,0.010301,retail
C01066,2025-12-31,0,0.054257,retail
C01067,2025-12-31,0,0.008627,retail
C01068,2025-12-31,0,0.046312,retail
C01069,2025-12-31,0,0.071309,retail
C01070,2025-12-31,0,0.017669,retail
C01071,2025-12-31,0,0.035740,retail
C01072,2025-12-31,0,0.057819,retail
C01073,2025-12-31,0,0.019432,retail
C01074,2025-12-31,0,0.008024,retail
C01075,2025-12-31,1,0.075987,retail
C01076,2025-12-31,0,0.085148,retail
C01077,2025-12-31,0,0.036914,retail
C01078,2025-12-31,1,0.151232,retail
C01079,2025-12-31,0,0.060676,retail
C01080,2025-12-31,0,0.078770,retail
C01081,2025-12-31,0,0.028023,retail
C01082,2025-12-31,0,0.027804,retail
C01083,2025-12-31,0,0.078970,retail
C01084,2025-12-31,0,0.012139,retail
C01085,2025-12-31,0,0.040958,retail
C01086,2025-12-31,0,0.055681,retail
C01087,2025-12-31,1,0.038628,retail
C01088,2025-12-31,0,0.096611,retail
C01089,2025-12-31,1,0.135006,retail
C01090,2025-12-31,0,0.081069,retail
C01091,2025-12-31,1,0.098437,retail
C01092,2025-12-31,0,0.029152,retail
C01093,2025-12-31,0,0.150018,retail
C01094,2025-12-31,0,0.004102,retail
C01095,2025-12-31,0,0.033148,retail
C01096,2025-12-31,0,0.036536,retail
C01097,2025-12-31,0,0.041411,retail
C01098,2025-12-31,0,0.047584,retail
C01099,2025-12-31,0,0.042461,retail
C01100,2025-12-31,0,0.052708,retail
C01101,2025-12-31,0,0.012204,retail
C01102,2025-12-31,0,0.161306,retail
C01103,2025-12-31,0,0.065449,retail
C01104,2025-12-31,0,0.085376,retail
C01105,2025-12-31,0,0.006164,retail
C01106,2025-12-31,0,0.080147,retail
C01107,2025-12-31,0,0.004776,retail
C01108,2025-12-31,0,0.073272,retail
C01109,2025-12-31,0,0.182030,retail
C01110,2025-12-31,0,0.036305,retail
C01111,2025-12-31,0,0.029622,retail
C01112,2025-12-31,0,0.006714,retail
C01113,2025-12-31,0,0.093400,retail
C01114,2025-12-31,0,0.047540,retail
C01115,2025-12-31,0,0.065483,retail
C01116,2025-12-31,1,0.068129,retail
C01117,2025-12-31,0,0.046715,retail
C01118,2025-12-31,0,0.034561,retail
C01119,2025-12-31,0,0.007298,retail
C01120,2025-12-31,0,0.014748,retail
C01121,2025-12-31,0,0.068151,retail
C01122,2025-12-31,1,0.094155,retail
C01123,2025-12-31,1,0.216948,retail
C01124,2025-12-31,0,0.010620,retail
C01125,2025-12-31,0,0.090773,retail
C01126,2025-12-31,0,0.073610,retail
C01127,2025-12-31,1,0.069663,retail
C01128,2025-12-31,0,0.089733,retail
C01129,2025-12-31,0,0.012905,retail
C01130,2025-12-31,0,0.001026,retail
C01131,2025-12-31,0,0.038780,retail
C01132,2025-12-31,0,0.090463,retail
C01133,2025-12-31,1,0.151648,retail
C01134,2025-12-31,0,0.082675,retail
C01135,2025-12-31,0,0.003410,retail
C01136,2025-12-31,0,0.025127,retail
C01137,2025-12-31,0,0.160259,retail
C01138,2025-12-31,0,0.022975,retail
C01139,2025-12-31,0,0.020256,retail
C01140,2025-12-31,0,0.057393,retail
C01141,2025-12-31,0,0.026649,retail
C01142,2025-12-31,0,0.119975,retail
C01143,2025-12-31,0,0.050723,retail
C01144,2025-12-31,0,0.008975,retail
C01145,2025-12-31,0,0.172473,retail
C01146,2025-12-31,0,0.032315,retail
C01147,2025-12-31,0,0.034229,retail
C01148,2025-12-31,0,0.033164,retail
C01149,2025-12-31,0,0.047170,retail
C01150,2025-12-31,0,0.362607,retail
C01151,2025-12-31,0,0.005904,retail
C01152,2025-12-31,0,0.021792,retail
C01153,2025-12-31,0,0.169358,retail
C01154,2025-12-31,1,0.213273,retail
C01155,2025-12-31,0,0.068056,retail
C01156,2025-12-31,0,0.026696,retail
C01157,2025-12-31,0,0.210523,retail
C01158,2025-12-31,0,0.170864,retail
C01159,2025-12-31,0,0.031628,retail
C01160,2025-12-31,0,0.214848,retail
C01161,2025-12-31,1,0.103549,retail
C01162,2025-12-31,0,0.137077,retail
C01163,2025-12-31,0,0.057240,retail
C01164,2025-12-31,0,0.036862,retail
C01165,2025-12-31,0,0.031722,retail
C01166,2025-12-31,0,0.042197,retail
C01167,2025-12-31,0,0.057720,retail
C01168,2025-12-31,0,0.004014,retail
C01169,2025-12-31,0,0.013673,retail
C01170,2025-12-31,0,0.053459,retail
C01171,2025-12-31,0,0.111388,retail
C01172,2025-12-31,0,0.007453,retail
C01173,2025-12-31,0,0.020964,retail
C01174,2025-12-31,0,0.077842,retail
C01175,2025-12-31,0,0.068516,retail
C01176,2025-12-31,0,0.038756,retail
C01177,2025-12-31,0,0.048815,retail
C01178,2025-12-31,0,0.110757,retail
C01179,2025-12-31,0,0.018859,retail
C01180,2025-12-31,0,0.124130,retail
C01181,2025-12-31,0,0.032304,retail
C01182,2025-12-31,0,0.026567,retail
C01183,2025-12-31,0,0.082954,retail
C01184,2025-12-31,0,0.053777,retail
C01185,2025-12-31,0,0.119405,retail
C01186,2025-12-31,0,0.020898,retail
C01187,2025-12-31,0,0.232128,retail
C01188,2025-12-31,1,0.044650,retail
C01189,2025-12-31,0,0.020736,retail
C01190,2025-12-31,0,0.059204,retail
C01191,2025-12-31,0,0.001894,retail
C01192,2025-12-31,0,0.022115,retail
C01193,2025-12-31,0,0.197980,retail
C01194,2025-12-31,0,0.018347,retail
C01195,2025-12-31,0,0.131537,retail
C01196,2025-12-31,0,0.084979,retail
C01197,2025-12-31,0,0.112043,retail
C01198,2025-12-31,0,0.082810,retail
C01199,2025-12-31,0,0.145438,retail
C01200,2025-12-31,0,0.024370,retail
C01201,2025-12-31,0,0.110935,retail
C01202,2025-12-31,1,0.042042,retail
C01203,2025-12-31,1,0.042546,retail
C01204,2025-12-31,0,0.096615,retail
C01205,2025-12-31,1,0.007129,retail
C01206,2025-12-31,0,0.010231,retail
C01207,2025-12-31,0,0.028920,retail
C01208,2025-12-31,0,0.026361,retail
C01209,2025-12-31,0,0.082375,retail
C01210,2025-12-31,0,0.021845,retail
C01211,2025-12-31,0,0.168252,retail
C01212,2025-12-31,0,0.107067,retail
C01213,2025-12-31,0,0.077464,retail
C01214,2025-12-31,0,0.103058,retail
C01215,2025-12-31,0,0.000266,retail
C01216,2025-12-31,0,0.048550,retail
C01217,2025-12-31,0,0.076899,retail
C01218,2025-12-31,0,0.182565,retail
C01219,2025-12-31,0,0.036466,retail
C01220,2025-12-31,0,0.111348,retail
C01221,2025-12-31,1,0.110356,retail
C01222,2025-12-31,0,0.204325,retail
C01223,2025-12-31,0,0.031291,retail
C01224,2025-12-31,0,0.032428,retail
C01225,2025-12-31,0,0.026348,retail
C01226,2025-12-31,0,0.084043,retail
C01227,2025-12-31,0,0.069173,retail
C01228,2025-12-31,0,0.014556,retail
C01229,2025-12-31,0,0.233284,retail
C01230,2025-12-31,0,0.025597,retail
C01231,2025-12-31,0,0.043927,retail
C01232,2025-12-31,1,0.044626,retail
C01233,2025-12-31,1,0.113041,retail
C01234,2025-12-31,0,0.051700,retail
C01235,2025-12-31,0,0.034620,retail
C01236,2025-12-31,0,0.011116,retail
C01237,2025-12-31,0,0.025951,retail
C01238,2025-12-31,1,0.185206,retail
C01239,2025-12-31,0,0.054766,retail
C01240,2025-12-31,1,0.103547,retail
C01241,2025-12-31,1,0.082081,retail
C01242,2025-12-31,0,0.059696,retail
C01243,2025-12-31,0,0.009850,retail
C01244,2025-12-31,0,0.076180,retail
C01245,2025-12-31,0,0.080519,retail
C01246,2025-12-31,0,0.164156,retail
C01247,2025-12-31,0,0.023763,retail
C01248,2025-12-31,0,0.006068,retail
C01249,2025-12-31,0,0.013308,retail
C01250,2025-12-31,0,0.011617,retail
C01251,2025-12-31,0,0.046076,retail
C01252,2025-12-31,0,0.035671,retail
C01253,2025-12-31,0,0.033142,retail
C01254,2025-12-31,0,0.005064,retail
C01255,2025-12-31,0,0.104954,retail
C01256,2025-12-31,0,0.067807,retail
C01257,2025-12-31,0,0.141052,retail
C01258,2025-12-31,0,0.227358,retail
C01259,2025-12-31,1,0.195417,retail
C01260,2025-12-31,0,0.052378,retail
C01261,2025-12-31,0,0.006090,retail
C01262,2025-12-31,0,0.059456,retail
C01263,2025-12-31,1,0.063599,retail
C01264,2025-12-31,0,0.044042,retail
C01265,2025-12-31,0,0.083134,retail
C01266,2025-12-31,0,0.024445,retail
C01267,2025-12-31,0,0.073685,retail
C01268,2025-12-31,0,0.045016,retail
C01269,2025-12-31,0,0.004950,retail
C01270,2025-12-31,0,0.048719,retail
C01271,2025-12-31,0,0.014598,retail
C01272,2025-12-31,0,0.032720,retail
C01273,2025-12-31,0,0.080775,retail
C01274,2025-12-31,0,0.012829,retail
C01275,2025-12-31,0,0.114627,retail
C01276,2025-12-31,0,0.026981,retail
C01277,2025-12-31,0,0.072060,retail
C01278,2025-12-31,0,0.081444,retail
C01279,2025-12-31,0,0.082386,retail
C01280,2025-12-31,0,0.185147,retail
C01281,2025-12-31,0,0.025172,retail
C01282,2025-12-31,1,0.109511,retail
C01283,2025-12-31,0,0.073580,retail
C01284,2025-12-31,0,0.082751,retail
C01285,2025-12-31,0,0.001131,retail
C01286,2025-12-31,0,0.034970,retail
C01287,2025-12-31,0,0.019502,retail
C01288,2025-12-31,0,0.041861,retail
C01289,2025-12-31,0,0.156395,retail
C01290,2025-12-31,0,0.050816,retail
C01291,2025-12-31,0,0.064350,retail
C01292,2025-12-31,0,0.011863,retail
C01293,2025-12-31,0,0.003022,retail
C01294,2025-12-31,0,0.121745,retail
C01295,2025-12-31,0,0.004014,retail
C01296,2025-12-31,0,0.018126,retail
C01297,2025-12-31,0,0.034099,retail
C01298,2025-12-31,0,0.016736,retail
C01299,2025-12-31,0,0.072353,retail
C01300,2025-12-31,0,0.007519,retail
C01301,2025-12-31,0,0.081925,retail
C01302,2025-12-31,0,0.073133,retail
C01303,2025-12-31,0,0.055266,retail
C01304,2025-12-31,0,0.042128,retail
C01305,2025-12-31,0,0.058141,retail
C01306,2025-12-31,0,0.098547,retail
C01307,2025-12-31,0,0.041260,retail
C01308,2025-12-31,0,0.037561,retail
C01309,2025-12-31,0,0.029250,retail
C01310,2025-12-31,0,0.102192,retail
C01311,2025-12-31,0,0.014228,retail
C01312,2025-12-31,0,0.038637,retail
C01313,2025-12-31,0,0.189620,retail
C01314,2025-12-31,0,0.223068,retail
C01315,2025-12-31,0,0.050207,retail
C01316,2025-12-31,0,0.090141,retail
C01317,2025-12-31,0,0.026668,retail
C01318,2025-12-31,0,0.003139,retail
C01319,2025-12-31,0,0.041306,retail
C01320,2025-12-31,0,0.058176,retail
C01321,2025-12-31,0,0.005978,retail
C01322,2025-12-31,0,0.119910,retail
C01323,2025-12-31,0,0.049123,retail
C01324,2025-12-31,0,0.042380,retail
C01325,2025-12-31,0,0.011977,retail
C01326,2025-12-31,0,0.113198,retail
C01327,2025-12-31,0,0.054214,retail
C01328,2025-12-31,1,0.047344,retail
C01329,2025-12-31,1,0.038419,retail
C01330,2025-12-31,0,0.021218,retail
C01331,2025-12-31,0,0.094140,retail
C01332,2025-12-31,0,0.026289,retail
C01333,2025-12-31,0,0.081440,retail
C01334,2025-12-31,0,0.069166,retail
C01335,2025-12-31,0,0.099017,retail
C01336,2025-12-31,0,0.090325,retail
C01337,2025-12-31,0,0.012127,retail
C01338,2025-12-31,0,0.007676,retail
C01339,2025-12-31,0,0.007144,retail
C01340,2025-12-31,0,0.037481,retail
C01341,2025-12-31,0,0.093871,retail
C01342,2025-12-31,0,0.071134,retail
C01343,2025-12-31,0,0.048180,retail
C01344,2025-12-31,0,0.009649,retail
C01345,2025-12-31,0,0.016285,retail
C01346,2025-12-31,0,0.014387,retail
C01347,2025-12-31,0,0.061328,retail
C01348,2025-12-31,0,0.080002,retail
C01349,2025-12-31,0,0.018332,retail
C01350,2025-12-31,0,0.155982,retail
C01351,2025-12-31,0,0.022663,retail
C01352,2025-12-31,0,0.018519,retail
C01353,2025-12-31,0,0.041102,retail
C01354,2025-12-31,0,0.014308,retail
C01355,2025-12-31,0,0.056122,retail
C01356,2025-12-31,0,0.014702,retail
C01357,2025-12-31,0,0.041633,retail
C01358,2025-12-31,0,0.032806,retail
C01359,2025-12-31,0,0.027663,retail
C01360,2025-12-31,0,0.105911,retail
C01361,2025-12-31,0,0.044878,retail
C01362,2025-12-31,0,0.006667,retail
C01363,2025-12-31,0,0.019773,retail
C01364,2025-12-31,1,0.297438,retail
C01365,2025-12-31,0,0.078904,retail
C01366,2025-12-31,0,0.029312,retail
C01367,2025-12-31,0,0.022808,retail
C01368,2025-12-31,0,0.022608,retail
C01369,2025-12-31,0,0.071847,retail
C01370,2025-12-31,0,0.052895,retail
C01371,2025-12-31,0,0.072488,retail
C01372,2025-12-31,0,0.064314,retail
C01373,2025-12-31,0,0.054205,retail
C01374,2025-12-31,0,0.085028,retail
C01375,2025-12-31,0,0.109519,retail
C01376,2025-12-31,0,0.018299,retail
C01377,2025-12-31,1,0.050406,retail
C01378,2025-12-31,0,0.186014,retail
C01379,2025-12-31,0,0.006484,retail
C01380,2025-12-31,1,0.010176,retail
C01381,2025-12-31,0,0.070011,retail
C01382,2025-12-31,0,0.265474,retail
C01383,2025-12-31,0,0.088106,retail
C01384,2025-12-31,0,0.081031,retail
C01385,2025-12-31,0,0.144500,retail
C01386,2025-12-31,0,0.049858,retail
C01387,2025-12-31,0,0.027197,retail
C01388,2025-12-31,0,0.041467,retail
C01389,2025-12-31,0,0.012052,retail
C01390,2025-12-31,0,0.035227,retail
C01391,2025-12-31,0,0.073189,retail
C01392,2025-12-31,0,0.028290,retail
C01393,2025-12-31,0,0.057237,retail
C01394,2025-12-31,0,0.002262,retail
C01395,2025-12-31,0,0.011043,retail
C01396,2025-12-31,0,0.025078,retail
C01397,2025-12-31,0,0.061133,retail
C01398,2025-12-31,0,0.060724,retail
C01399,2025-12-31,1,0.143782,retail
C01400,2025-12-31,0,0.040073,retail
C01401,2025-12-31,0,0.045324,retail
C01402,2025-12-31,0,0.010613,retail
C01403,2025-12-31,0,0.004962,retail
C01404,2025-12-31,0,0.010719,retail
C01405,2025-12-31,0,0.023903,retail
C01406,2025-12-31,0,0.023618,retail
C01407,2025-12-31,0,0.152489,retail
C01408,2025-12-31,0,0.083577,retail
C01409,2025-12-31,1,0.291749,retail
C01410,2025-12-31,0,0.098186,retail
C01411,2025-12-31,0,0.000332,retail
C01412,2025-12-31,0,0.053102,retail
C01413,2025-12-31,0,0.040996,retail
C01414,2025-12-31,0,0.049089,retail
C01415,2025-12-31,0,0.040230,retail
C01416,2025-12-31,0,0.166998,retail
C01417,2025-12-31,0,0.015282,retail
C01418,2025-12-31,1,0.123097,retail
C01419,2025-12-31,1,0.149488,retail
C01420,2025-12-31,0,0.110395,retail
C01421,2025-12-31,0,0.081269,retail
C01422,2025-12-31,0,0.051840,retail
C01423,2025-12-31,1,0.063782,retail
C01424,2025-12-31,0,0.037360,retail
C01425,2025-12-31,0,0.034375,retail
C01426,2025-12-31,1,0.190201,retail
C01427,2025-12-31,0,0.032664,retail
C01428,2025-12-31,1,0.220282,retail
C01429,2025-12-31,0,0.050349,retail
C01430,2025-12-31,0,0.099443,retail
C01431,2025-12-31,0,0.097141,retail
C01432,2025-12-31,0,0.070044,retail
C01433,2025-12-31,0,0.052857,retail
C01434,2025-12-31,0,0.036352,retail
C01435,2025-12-31,0,0.040789,retail
C01436,2025-12-31,0,0.000804,retail
C01437,2025-12-31,0,0.042347,retail
C01438,2025-12-31,0,0.039512,retail
C01439,2025-12-31,0,0.111717,retail
C01440,2025-12-31,0,0.088261,retail
C01441,2025-12-31,0,0.012446,retail
C01442,2025-12-31,0,0.007883,retail
C01443,2025-12-31,0,0.188950,retail
C01444,2025-12-31,1,0.115620,retail
C01445,2025-12-31,0,0.039136,retail
C01446,2025-12-31,0,0.032092,retail
C01447,2025-12-31,1,0.094935,retail
C01448,2025-12-31,0,0.052135,retail
C01449,2025-12-31,0,0.085694,retail
C01450,2025-12-31,0,0.076201,retail
C01451,2025-12-31,0,0.220643,retail
C01452,2025-12-31,1,0.069527,retail
C01453,2025-12-31,0,0.058991,retail
C01454,2025-12-31,0,0.016633,retail
C01455,2025-12-31,1,0.176119,retail
C01456,2025-12-31,0,0.008701,retail
C01457,2025-12-31,0,0.091090,retail
C01458,2025-12-31,0,0.035039,retail
C01459,2025-12-31,0,0.015246,retail
C01460,2025-12-31,0,0.095355,retail
C01461,2025-12-31,0,0.067960,retail
C01462,2025-12-31,0,0.040316,retail
C01463,2025-12-31,0,0.044815,retail
C01464,2025-12-31,1,0.259197,retail
C01465,2025-12-31,0,0.050995,retail
C01466,2025-12-31,0,0.036073,retail
C01467,2025-12-31,0,0.077059,retail
C01468,2025-12-31,0,0.046408,retail
C01469,2025-12-31,0,0.017138,retail
C01470,2025-12-31,0,0.072313,retail
C01471,2025-12-31,0,0.034295,retail
C01472,2025-12-31,0,0.135444,retail
C01473,2025-12-31,0,0.013708,retail
C01474,2025-12-31,0,0.064406,retail
C01475,2025-12-31,0,0.133044,retail
C01476,2025-12-31,0,0.125084,retail
C01477,2025-12-31,0,0.026041,retail
C01478,2025-12-31,0,0.215463,retail
C01479,2025-12-31,0,0.017050,retail
C01480,2025-12-31,0,0.115296,retail
C01481,2025-12-31,0,0.105049,retail
C01482,2025-12-31,0,0.002539,retail
C01483,2025-12-31,0,0.021072,retail
C01484,2025-12-31,0,0.020950,retail
C01485,2025-12-31,0,0.005161,retail
C01486,2025-12-31,0,0.001277,retail
C01487,2025-12-31,0,0.026233,retail
C01488,2025-12-31,1,0.095980,retail
C01489,2025-12-31,0,0.072300,retail
C01490,2025-12-31,0,0.078828,retail
C01491,2025-12-31,0,0.022396,retail
C01492,2025-12-31,0,0.078772,retail
C01493,2025-12-31,0,0.018392,retail
C01494,2025-12-31,0,0.008865,retail
C01495,2025-12-31,0,0.122590,retail
C01496,2025-12-31,0,0.090010,retail
C01497,2025-12-31,0,0.000429,retail
C01498,2025-12-31,0,0.127786,retail
C01499,2025-12-31,0,0.013147,retail
C01500,2025-12-31,0,0.076482,retail
C01501,2025-12-31,0,0.012535,retail
C01502,2025-12-31,0,0.006949,retail
C01503,2025-12-31,0,0.080224,retail
C01504,2025-12-31,0,0.132802,retail
C01505,2025-12-31,0,0.048206,retail
C01506,2025-12-31,0,0.042236,retail
C01507,2025-12-31,0,0.081010,retail
C01508,2025-12-31,0,0.016169,retail
C01509,2025-12-31,0,0.097961,retail
C01510,2025-12-31,0,0.187664,retail
C01511,2025-12-31,0,0.038611,retail
C01512,2025-12-31,1,0.153959,retail
C01513,2025-12-31,0,0.005985,retail
C01514,2025-12-31,0,0.072384,retail
C01515,2025-12-31,1,0.239022,retail
C01516,2025-12-31,0,0.111694,retail
C01517,2025-12-31,0,0.031422,retail
C01518,2025-12-31,1,0.032875,retail
C01519,2025-12-31,0,0.006191,retail
C01520,2025-12-31,0,0.105832,retail
C01521,2025-12-31,0,0.007672,retail
C01522,2025-12-31,0,0.105004,retail
C01523,2025-12-31,0,0.009003,retail
C01524,2025-12-31,0,0.023601,retail
C01525,2025-12-31,0,0.107400,retail
C01526,2025-12-31,0,0.056889,retail
C01527,2025-12-31,0,0.077647,retail
C01528,2025-12-31,0,0.022843,retail
C01529,2025-12-31,0,0.029885,retail
C01530,2025-12-31,1,0.190670,retail
C01531,2025-12-31,0,0.073128,retail
C01532,2025-12-31,0,0.037832,retail
C01533,2025-12-31,0,0.038744,retail
C01534,2025-12-31,0,0.039820,retail
C01535,2025-12-31,1,0.174546,retail
C01536,2025-12-31,0,0.012544,retail
C01537,2025-12-31,0,0.282033,retail
C01538,2025-12-31,0,0.013544,retail
C01539,2025-12-31,0,0.091319,retail
C01540,2025-12-31,0,0.006135,retail
C01541,2025-12-31,0,0.002379,retail
C01542,2025-12-31,0,0.137103,retail
C01543,2025-12-31,0,0.037094,retail
C01544,2025-12-31,0,0.034541,retail
C01545,2025-12-31,0,0.206950,retail
C01546,2025-12-31,1,0.218696,retail
C01547,2025-12-31,0,0.001587,retail
C01548,2025-12-31,0,0.105879,retail
C01549,2025-12-31,0,0.109713,retail
C01550,2025-12-31,0,0.026633,retail
C01551,2025-12-31,0,0.011713,retail
C01552,2025-12-31,0,0.214392,retail
C01553,2025-12-31,0,0.014889,retail
C01554,2025-12-31,0,0.247682,retail
C01555,2025-12-31,0,0.081358,retail
C01556,2025-12-31,0,0.027425,retail
C01557,2025-12-31,0,0.075697,retail
C01558,2025-12-31,0,0.236119,retail
C01559,2025-12-31,0,0.032911,retail
C01560,2025-12-31,0,0.023016,retail
C01561,2025-12-31,0,0.066030,retail
C01562,2025-12-31,0,0.007131,retail
C01563,2025-12-31,0,0.011830,retail
C01564,2025-12-31,0,0.034829,retail
C01565,2025-12-31,0,0.011682,retail
C01566,2025-12-31,0,0.033548,retail
C01567,2025-12-31,0,0.006786,retail
C01568,2025-12-31,0,0.036792,retail
C01569,2025-12-31,0,0.017183,retail
C01570,2025-12-31,0,0.019281,retail
C01571,2025-12-31,0,0.059657,retail
C01572,2025-12-31,0,0.134706,retail
C01573,2025-12-31,1,0.107719,retail
C01574,2025-12-31,0,0.017574,retail
C01575,2025-12-31,0,0.007987,retail
C01576,2025-12-31,0,0.095944,retail
C01577,2025-12-31,0,0.008866,retail
C01578,2025-12-31,0,0.069059,retail
C01579,2025-12-31,0,0.067422,retail
C01580,2025-12-31,0,0.047232,retail
C01581,2025-12-31,0,0.073333,retail
C01582,2025-12-31,0,0.155078,retail
C01583,2025-12-31,0,0.046730,retail
C01584,2025-12-31,0,0.003400,retail
C01585,2025-12-31,0,0.056224,retail
C01586,2025-12-31,0,0.082383,retail
C01587,2025-12-31,0,0.012434,retail
C01588,2025-12-31,0,0.037723,retail
C01589,2025-12-31,0,0.040077,retail
C01590,2025-12-31,1,0.055510,retail
C01591,2025-12-31,0,0.019399,retail
C01592,2025-12-31,0,0.022367,retail
C01593,2025-12-31,0,0.045625,retail
C01594,2025-12-31,0,0.055942,retail
C01595,2025-12-31,0,0.100541,retail
C01596,2025-12-31,0,0.070484,retail
C01597,2025-12-31,0,0.008034,retail
C01598,2025-12-31,1,0.111008,retail
C01599,2025-12-31,0,0.048668,retail
C01600,2025-12-31,0,0.035144,retail
C01601,2025-12-31,0,0.027984,retail
C01602,2025-12-31,0,0.027361,retail
C01603,2025-12-31,0,0.030589,retail
C01604,2025-12-31,0,0.123180,retail
C01605,2025-12-31,0,0.042791,retail
C01606,2025-12-31,0,0.036437,retail
C01607,2025-12-31,0,0.026151,retail
C01608,2025-12-31,0,0.020391,retail
C01609,2025-12-31,0,0.061688,retail
C01610,2025-12-31,0,0.012657,retail
C01611,2025-12-31,0,0.115292,retail
C01612,2025-12-31,0,0.010614,retail
C01613,2025-12-31,1,0.178630,retail
C01614,2025-12-31,0,0.220401,retail
C01615,2025-12-31,0,0.046360,retail
C01616,2025-12-31,0,0.058908,retail
C01617,2025-12-31,1,0.089611,retail
C01618,2025-12-31,0,0.121717,retail
C01619,2025-12-31,0,0.166662,retail
C01620,2025-12-31,0,0.073098,retail
C01621,2025-12-31,0,0.025817,retail
C01622,2025-12-31,0,0.040499,retail
C01623,2025-12-31,0,0.062309,retail
C01624,2025-12-31,0,0.021020,retail
C01625,2025-12-31,1,0.084141,retail
C01626,2025-12-31,1,0.169861,retail
C01627,2025-12-31,0,0.058918,retail
C01628,2025-12-31,0,0.035835,retail
C01629,2025-12-31,0,0.071556,retail
C01630,2025-12-31,0,0.086951,retail
C01631,2025-12-31,1,0.124486,retail
C01632,2025-12-31,0,0.069832,retail
C01633,2025-12-31,0,0.074910,retail
C01634,2025-12-31,0,0.009098,retail
C01635,2025-12-31,1,0.153651,retail
C01636,2025-12-31,0,0.062960,retail
C01637,2025-12-31,0,0.089789,retail
C01638,2025-12-31,0,0.004028,retail
C01639,2025-12-31,0,0.015524,retail
C01640,2025-12-31,0,0.090450,retail
C01641,2025-12-31,1,0.045246,retail
C01642,2025-12-31,0,0.032724,retail
C01643,2025-12-31,0,0.202230,retail
C01644,2025-12-31,0,0.016023,retail
C01645,2025-12-31,0,0.147490,retail
C01646,2025-12-31,0,0.029750,retail
C01647,2025-12-31,0,0.044337,retail
C01648,2025-12-31,0,0.059894,retail
C01649,2025-12-31,0,0.047043,retail
C01650,2025-12-31,0,0.013204,retail
C01651,2025-12-31,0,0.026108,retail
C01652,2025-12-31,0,0.013856,retail
C01653,2025-12-31,0,0.036819,retail
C01654,2025-12-31,0,0.025430,retail
C01655,2025-12-31,0,0.105361,retail
C01656,2025-12-31,1,0.222414,retail
C01657,2025-12-31,0,0.001302,retail
C01658,2025-12-31,1,0.159743,retail
C01659,2025-12-31,0,0.024086,retail
C01660,2025-12-31,0,0.080344,retail
C01661,2025-12-31,1,0.134924,retail
C01662,2025-12-31,0,0.008395,retail
C01663,2025-12-31,1,0.048004,retail
C01664,2025-12-31,0,0.020769,retail
C01665,2025-12-31,0,0.007668,retail
C01666,2025-12-31,0,0.033219,retail
C01667,2025-12-31,0,0.100177,retail
C01668,2025-12-31,0,0.066065,retail
C01669,2025-12-31,0,0.092737,retail
C01670,2025-12-31,0,0.081293,retail
C01671,2025-12-31,0,0.008000,retail
C01672,2025-12-31,0,0.031800,retail
C01673,2025-12-31,0,0.006393,retail
C01674,2025-12-31,1,0.038006,retail
C01675,2025-12-31,0,0.044176,retail
C01676,2025-12-31,0,0.065551,retail
C01677,2025-12-31,0,0.074588,retail
C01678,2025-12-31,0,0.065232,retail
C01679,2025-12-31,0,0.120418,retail
C01680,2025-12-31,1,0.249601,retail
C01681,2025-12-31,0,0.068775,retail
C01682,2025-12-31,0,0.093121,retail
C01683,2025-12-31,0,0.037649,retail
C01684,2025-12-31,0,0.014004,retail
C01685,2025-12-31,0,0.010230,retail
C01686,2025-12-31,0,0.049396,retail
C01687,2025-12-31,0,0.000274,retail
C01688,2025-12-31,0,0.007047,retail
C01689,2025-12-31,0,0.059125,retail
C01690,2025-12-31,0,0.131918,retail
C01691,2025-12-31,0,0.029129,retail
C01692,2025-12-31,0,0.028947,retail
C01693,2025-12-31,0,0.024542,retail
C01694,2025-12-31,0,0.047269,retail
C01695,2025-12-31,0,0.027419,retail
C01696,2025-12-31,0,0.056226,retail
C01697,2025-12-31,0,0.054063,retail
C01698,2025-12-31,0,0.080976,retail
C01699,2025-12-31,0,0.125188,retail
C01700,2025-12-31,0,0.025105,retail
C01701,2025-12-31,0,0.019735,retail
C01702,2025-12-31,1,0.195828,retail
C01703,2025-12-31,0,0.173610,retail
C01704,2025-12-31,0,0.168315,retail
C01705,2025-12-31,0,0.090296,retail
C01706,2025-12-31,0,0.057164,retail
C01707,2025-12-31,0,0.122086,retail
C01708,2025-12-31,0,0.210281,retail
C01709,2025-12-31,0,0.092144,retail
C01710,2025-12-31,0,0.118783,retail
C01711,2025-12-31,0,0.052739,retail
C01712,2025-12-31,0,0.170391,retail
C01713,2025-12-31,0,0.030752,retail
C01714,2025-12-31,0,0.026682,retail
C01715,2025-12-31,0,0.021649,retail
C01716,2025-12-31,0,0.095893,retail
C01717,2025-12-31,0,0.016771,retail
C01718,2025-12-31,0,0.122067,retail
C01719,2025-12-31,0,0.043790,retail
C01720,2025-12-31,1,0.307526,retail
C01721,2025-12-31,0,0.064733,retail
C01722,2025-12-31,0,0.044326,retail
C01723,2025-12-31,0,0.053201,retail
C01724,2025-12-31,0,0.102773,retail
C01725,2025-12-31,0,0.033836,retail
C01726,2025-12-31,0,0.014085,retail
C01727,2025-12-31,0,0.012605,retail
C01728,2025-12-31,0,0.108848,retail
C01729,2025-12-31,0,0.069771,retail
C01730,2025-12-31,0,0.131421,retail
C01731,2025-12-31,0,0.004131,retail
C01732,2025-12-31,0,0.127769,retail
C01733,2025-12-31,0,0.078129,retail
C01734,2025-12-31,0,0.082511,retail
C01735,2025-12-31,0,0.092210,retail
C01736,2025-12-31,0,0.170016,retail
C01737,2025-12-31,0,0.059953,retail
C01738,2025-12-31,0,0.043621,retail
C01739,2025-12-31,0,0.027137,retail
C01740,2025-12-31,0,0.021516,retail
C01741,2025-12-31,1,0.231258,retail
C01742,2025-12-31,0,0.105230,retail
C01743,2025-12-31,0,0.187645,retail
C01744,2025-12-31,0,0.132452,retail
C01745,2025-12-31,0,0.072189,retail
C01746,2025-12-31,0,0.003318,retail
C01747,2025-12-31,1,0.344268,retail
C01748,2025-12-31,0,0.161100,retail
C01749,2025-12-31,1,0.145598,retail
C01750,2025-12-31,0,0.045618,retail
C01751,2025-12-31,0,0.039161,retail
C01752,2025-12-31,0,0.174252,retail
C01753,2025-12-31,0,0.027866,retail
C01754,2025-12-31,0,0.164460,retail
C01755,2025-12-31,0,0.055194,retail
C01756,2025-12-31,0,0.039787,retail
C01757,2025-12-31,0,0.106036,retail
C01758,2025-12-31,0,0.164091,retail
C01759,2025-12-31,0,0.004419,retail
C01760,2025-12-31,0,0.027342,retail
C01761,2025-12-31,0,0.124376,retail
C01762,2025-12-31,0,0.035006,retail
C01763,2025-12-31,0,0.067636,retail
C01764,2025-12-31,0,0.040973,retail
C01765,2025-12-31,0,0.001000,retail
C01766,2025-12-31,0,0.034795,retail
C01767,2025-12-31,0,0.008139,retail
C01768,2025-12-31,1,0.152378,retail
C01769,2025-12-31,0,0.021673,retail
C01770,2025-12-31,0,0.135303,retail
C01771,2025-12-31,0,0.061172,retail
C01772,2025-12-31,0,0.119732,retail
C01773,2025-12-31,0,0.021305,retail
C01774,2025-12-31,0,0.192687,retail
C01775,2025-12-31,0,0.168126,retail
C01776,2025-12-31,0,0.061201,retail
C01777,2025-12-31,0,0.157850,retail
C01778,2025-12-31,0,0.007694,retail
C01779,2025-12-31,0,0.172932,retail
C01780,2025-12-31,0,0.016610,retail
C01781,2025-12-31,0,0.163036,retail
C01782,2025-12-31,1,0.186995,retail
C01783,2025-12-31,0,0.071633,retail
C01784,2025-12-31,0,0.046083,retail
C01785,2025-12-31,0,0.049169,retail
C01786,2025-12-31,0,0.058752,retail
C01787,2025-12-31,1,0.085186,retail
C01788,2025-12-31,0,0.066028,retail
C01789,2025-12-31,0,0.028655,retail
C01790,2025-12-31,0,0.020055,retail
C01791,2025-12-31,0,0.016823,retail
C01792,2025-12-31,0,0.078332,retail
C01793,2025-12-31,0,0.023888,retail
C01794,2025-12-31,0,0.192664,retail
C01795,2025-12-31,0,0.123603,retail
C01796,2025-12-31,0,0.048342,retail
C01797,2025-12-31,1,0.162342,retail
C01798,2025-12-31,0,0.024002,retail
C01799,2025-12-31,0,0.030586,retail
C01800,2025-12-31,0,0.014135,retail
C01801,2025-12-31,0,0.050665,retail
C01802,2025-12-31,1,0.046725,retail
C01803,2025-12-31,0,0.033768,retail
C01804,2025-12-31,0,0.017875,retail
C01805,2025-12-31,1,0.093751,retail
C01806,2025-12-31,0,0.079540,retail
C01807,2025-12-31,1,0.033230,retail
C01808,2025-12-31,0,0.153986,retail
C01809,2025-12-31,0,0.079591,retail
C01810,2025-12-31,0,0.133861,retail
C01811,2025-12-31,0,0.003015,retail
C01812,2025-12-31,0,0.118683,retail
C01813,2025-12-31,0,0.065947,retail
C01814,2025-12-31,0,0.055859,retail
C01815,2025-12-31,0,0.018500,retail
C01816,2025-12-31,0,0.080553,retail
C01817,2025-12-31,0,0.126426,retail
C01818,2025-12-31,0,0.051718,retail
C01819,2025-12-31,0,0.020126,retail
C01820,2025-12-31,0,0.072890,retail
C01821,2025-12-31,0,0.038321,retail
C01822,2025-12-31,0,0.077226,retail
C01823,2025-12-31,0,0.014617,retail
C01824,2025-12-31,0,0.076888,retail
C01825,2025-12-31,0,0.057663,retail
C01826,2025-12-31,0,0.060098,retail
C01827,2025-12-31,0,0.045322,retail
C01828,2025-12-31,0,0.070295,retail
C01829,2025-12-31,0,0.122822,retail
C01830,2025-12-31,0,0.001105,retail
C01831,2025-12-31,1,0.211903,retail
C01832,2025-12-31,0,0.305916,retail
C01833,2025-12-31,0,0.083939,retail
C01834,2025-12-31,0,0.133336,retail
C01835,2025-12-31,1,0.147084,retail
C01836,2025-12-31,0,0.038623,retail
C01837,2025-12-31,0,0.054639,retail
C01838,2025-12-31,0,0.102109,retail
C01839,2025-12-31,0,0.023253,retail
C01840,2025-12-31,0,0.020659,retail
C01841,2025-12-31,0,0.038401,retail
C01842,2025-12-31,0,0.135954,retail
C01843,2025-12-31,0,0.013517,retail
C01844,2025-12-31,0,0.041902,retail
C01845,2025-12-31,0,0.133620,retail
C01846,2025-12-31,0,0.078661,retail
C01847,2025-12-31,0,0.014631,retail
C01848,2025-12-31,0,0.019494,retail
C01849,2025-12-31,0,0.026029,retail
C01850,2025-12-31,0,0.029018,retail
C01851,2025-12-31,0,0.000532,retail
C01852,2025-12-31,0,0.031373,retail
C01853,2025-12-31,0,0.131738,retail
C01854,2025-12-31,0,0.078973,retail
C01855,2025-12-31,0,0.070511,retail
C01856,2025-12-31,0,0.063351,retail
C01857,2025-12-31,0,0.072930,retail
C01858,2025-12-31,0,0.050884,retail
C01859,2025-12-31,0,0.058789,retail
C01860,2025-12-31,0,0.008640,retail
C01861,2025-12-31,0,0.026025,retail
C01862,2025-12-31,1,0.060257,retail
C01863,2025-12-31,0,0.056981,retail
C01864,2025-12-31,0,0.051455,retail
C01865,2025-12-31,0,0.013061,retail
C01866,2025-12-31,0,0.050275,retail
C01867,2025-12-31,0,0.069992,retail
C01868,2025-12-31,1,0.274315,retail
C01869,2025-12-31,1,0.202655,retail
C01870,2025-12-31,0,0.045399,retail
C01871,2025-12-31,0,0.152957,retail
C01872,2025-12-31,0,0.038849,retail
C01873,2025-12-31,0,0.110030,retail
C01874,2025-12-31,0,0.059719,retail
C01875,2025-12-31,0,0.050309,retail
C01876,2025-12-31,0,0.088898,retail
C01877,2025-12-31,1,0.079835,retail
C01878,2025-12-31,0,0.027398,retail
C01879,2025-12-31,1,0.217135,retail
C01880,2025-12-31,0,0.029920,retail
C01881,2025-12-31,0,0.052342,retail
C01882,2025-12-31,0,0.087419,retail
C01883,2025-12-31,0,0.234061,retail
C01884,2025-12-31,0,0.125499,retail
C01885,2025-12-31,0,0.035374,retail
C01886,2025-12-31,0,0.028967,retail
C01887,2025-12-31,0,0.051003,retail
C01888,2025-12-31,0,0.102292,retail
C01889,2025-12-31,0,0.104382,retail
C01890,2025-12-31,0,0.027870,retail
C01891,2025-12-31,0,0.151698,retail
C01892,2025-12-31,0,0.038858,retail
C01893,2025-12-31,0,0.034089,retail
C01894,2025-12-31,1,0.174050,retail
C01895,2025-12-31,0,0.125510,retail
C01896,2025-12-31,0,0.129371,retail
C01897,2025-12-31,0,0.035241,retail
C01898,2025-12-31,0,0.116183,retail
C01899,2025-12-31,0,0.026949,retail
C01900,2025-12-31,0,0.039554,retail
C01901,2025-12-31,0,0.050843,retail
C01902,2025-12-31,0,0.180819,retail
C01903,2025-12-31,0,0.208504,retail
C01904,2025-12-31,0,0.178139,retail
C01905,2025-12-31,0,0.011883,retail
C01906,2025-12-31,0,0.064964,retail
C01907,2025-12-31,0,0.113459,retail
C01908,2025-12-31,0,0.057708,retail
C01909,2025-12-31,0,0.090780,retail
C01910,2025-12-31,1,0.086703,retail
C01911,2025-12-31,1,0.102131,retail
C01912,2025-12-31,0,0.004467,retail
C01913,2025-12-31,0,0.025152,retail
C01914,2025-12-31,0,0.009578,retail
C01915,2025-12-31,0,0.010219,retail
C01916,2025-12-31,0,0.055335,retail
C01917,2025-12-31,0,0.039880,retail
C01918,2025-12-31,0,0.092155,retail
C01919,2025-12-31,1,0.166556,retail
C01920,2025-12-31,1,0.164274,retail
C01921,2025-12-31,0,0.193834,retail
C01922,2025-12-31,0,0.007826,retail
C01923,2025-12-31,0,0.043967,retail
C01924,2025-12-31,0,0.011621,retail
C01925,2025-12-31,0,0.016942,retail
C01926,2025-12-31,1,0.245414,retail
C01927,2025-12-31,0,0.060413,retail
C01928,2025-12-31,0,0.069365,retail
C01929,2025-12-31,0,0.005450,retail
C01930,2025-12-31,0,0.068512,retail
C01931,2025-12-31,0,0.104953,retail
C01932,2025-12-31,0,0.095785,retail
C01933,2025-12-31,0,0.075055,retail
C01934,2025-12-31,0,0.031210,retail
C01935,2025-12-31,0,0.011687,retail
C01936,2025-12-31,0,0.126914,retail
C01937,2025-12-31,1,0.100664,retail
C01938,2025-12-31,0,0.152918,retail
C01939,2025-12-31,0,0.041329,retail
C01940,2025-12-31,0,0.047348,retail
C01941,2025-12-31,0,0.032853,retail
C01942,2025-12-31,0,0.155590,retail
C01943,2025-12-31,0,0.029137,retail
C01944,2025-12-31,0,0.043394,retail
C01945,2025-12-31,1,0.117800,retail
C01946,2025-12-31,0,0.075145,retail
C01947,2025-12-31,0,0.010168,retail
C01948,2025-12-31,0,0.065503,retail
C01949,2025-12-31,0,0.023650,retail
C01950,2025-12-31,0,0.121565,retail
C01951,2025-12-31,0,0.044644,retail
C01952,2025-12-31,0,0.007343,retail
C01953,2025-12-31,0,0.061908,retail
C01954,2025-12-31,0,0.067897,retail
C01955,2025-12-31,0,0.003230,retail
C01956,2025-12-31,0,0.015537,retail
C01957,2025-12-31,1,0.103109,retail
C01958,2025-12-31,0,0.040251,retail
C01959,2025-12-31,0,0.056446,retail
C01960,2025-12-31,0,0.029939,retail
C01961,2025-12-31,0,0.084466,retail
C01962,2025-12-31,0,0.003482,retail
C01963,2025-12-31,0,0.005318,retail
C01964,2025-12-31,0,0.122686,retail
C01965,2025-12-31,0,0.095139,retail
C01966,2025-12-31,0,0.007639,retail
C01967,2025-12-31,0,0.055322,retail
C01968,2025-12-31,0,0.014237,retail
C01969,2025-12-31,0,0.034251,retail
C01970,2025-12-31,0,0.004327,retail
C01971,2025-12-31,0,0.053187,retail
C01972,2025-12-31,0,0.001895,retail
C01973,2025-12-31,0,0.031937,retail
C01974,2025-12-31,0,0.011762,retail
C01975,2025-12-31,1,0.181934,retail
C01976,2025-12-31,1,0.124830,retail
C01977,2025-12-31,0,0.066476,retail
C01978,2025-12-31,0,0.002419,retail
C01979,2025-12-31,0,0.054734,retail
C01980,2025-12-31,0,0.044205,retail
C01981,2025-12-31,0,0.039709,retail
C01982,2025-12-31,0,0.021952,retail
C01983,2025-12-31,0,0.097689,retail
C01984,2025-12-31,0,0.067466,retail
C01985,2025-12-31,0,0.077518,retail
C01986,2025-12-31,0,0.006190,retail
C01987,2025-12-31,0,0.045603,retail
C01988,2025-12-31,0,0.010600,retail
C01989,2025-12-31,0,0.017253,retail
C01990,2025-12-31,0,0.074364,retail
C01991,2025-12-31,0,0.116783,retail
C01992,2025-12-31,0,0.005972,retail
C01993,2025-12-31,1,0.215225,retail
C01994,2025-12-31,0,0.073925,retail
C01995,2025-12-31,0,0.173761,retail
C01996,2025-12-31,0,0.009390,retail
C01997,2025-12-31,0,0.102530,retail
C01998,2025-12-31,0,0.054288,retail
C01999,2025-12-31,1,0.057824,retail
C02000,2025-12-31,0,0.149258,retail
